words\files;Suspense;NonSuspense;Other;
1799;0.444444444444;0.0;0.0;
абажур;0.444444444444;0.0;0.415578247447;
авось;0.0;0.377073906486;0.0;
адрес;0.444444444444;0.0;0.0;
адриан;4.0;0.0;0.178104963192;
акушерка;0.444444444444;0.0;0.0593683210639;
алексис;0.0;0.377073906486;0.0;
алина;0.0;0.377073906486;0.0;
аллегория;0.0;0.377073906486;0.0;
аллея;0.0;1.13122171946;0.118736642128;
алый;0.444444444444;0.0;0.0;
альманах;0.0;0.377073906486;0.0;
амбарчик;0.0;0.377073906486;0.0;
ампула;0.444444444444;0.0;0.0;
ампутация;1.33333333333;0.0;0.0593683210639;
анатомический;0.444444444444;0.0;0.0;
антоновка;0.0;0.754147812971;0.0;
антоновский;0.0;0.754147812971;0.0593683210639;
аристократически;0.0;0.377073906486;0.0;
арсений;0.0;0.377073906486;0.118736642128;
арсения;0.0;0.377073906486;0.178104963192;
артериа;0.888888888889;0.0;0.0;
ах;1.77777777778;0.0;0.178104963192;
баба;0.888888888889;0.0;0.118736642128;
бабочка;0.0;0.377073906486;0.0;
бабушка;0.0;0.377073906486;0.0;
бал;0.444444444444;0.0;0.0593683210639;
баня;0.444444444444;0.0;0.0;
барабан;0.0;1.50829562594;0.0;
баранина;0.0;0.377073906486;0.0;
барин;0.0;1.88536953243;0.0;
баритон;0.0;0.377073906486;0.0;
барский;0.0;0.377073906486;0.0;
бархатный;0.0;0.377073906486;0.0;
барчук;0.0;0.377073906486;0.0593683210639;
барыня;0.0;0.377073906486;0.0;
бас;0.0;0.377073906486;0.0;
батюшка;0.444444444444;0.0;0.356209926383;
батюшков;0.0;0.377073906486;0.0;
бегать;0.0;0.377073906486;0.118736642128;
беда;0.0;0.377073906486;0.0593683210639;
бедный;0.444444444444;0.0;0.415578247447;
бедняк;0.444444444444;0.0;0.0;
бедро;0.888888888889;0.0;0.0;
без;2.66666666667;0.0;1.30610306341;
безжизненно;0.444444444444;0.0;0.0;
безжизненный;0.444444444444;0.0;0.0;
беззвучный;0.444444444444;0.0;0.0;
безмолвный;0.0;0.377073906486;0.0;
безнадежно;0.0;0.377073906486;0.0;
безоружный;0.444444444444;0.0;0.0;
безрукавка;0.0;0.377073906486;0.0;
безумный;0.888888888889;0.0;0.118736642128;
белеть;0.0;0.377073906486;0.0;
беловатый;0.444444444444;0.0;0.0;
бель;0.0;0.377073906486;0.0;
береза;0.0;0.377073906486;0.0;
березовый;0.0;0.377073906486;0.0593683210639;
беременный;0.0;0.377073906486;0.0;
беречь;0.0;0.377073906486;0.0593683210639;
беседа;0.0;0.377073906486;0.178104963192;
бесконечный;0.0;0.377073906486;0.0;
беспомощно;0.444444444444;0.0;0.0;
беспорядочно;0.0;0.377073906486;0.0;
бешеный;0.0;0.377073906486;0.0593683210639;
билет;0.444444444444;0.0;0.0;
бирюзов;0.0;0.377073906486;0.0;
биться;0.888888888889;0.0;0.0593683210639;
битюг;0.0;0.377073906486;0.0;
благо;0.0;0.377073906486;0.0593683210639;
благовест;0.0;0.377073906486;0.0;
благополучие;0.0;0.377073906486;0.0;
благополучно;0.888888888889;0.0;0.0;
благопристойный;0.444444444444;0.0;0.0;
блеск;0.0;0.377073906486;0.0593683210639;
блестеть;0.0;0.754147812971;0.118736642128;
близкий;0.444444444444;0.0;0.296841605319;
блистать;0.0;0.377073906486;0.0;
богатый;0.0;0.754147812971;0.415578247447;
богу;0.444444444444;0.0;0.0593683210639;
бодрый;0.0;0.377073906486;0.0593683210639;
бойкий;0.0;0.377073906486;0.0;
бойко;0.0;0.377073906486;0.0;
бок;0.0;0.754147812971;0.178104963192;
боковой;0.444444444444;0.0;0.237473284256;
более;0.0;0.377073906486;0.474946568511;
боль;0.444444444444;0.0;0.118736642128;
больше;0.444444444444;0.0;0.415578247447;
борзая;0.0;1.13122171946;0.0593683210639;
боровинка;0.0;0.377073906486;0.0;
борода;0.888888888889;0.0;0.0;
бородатый;0.0;0.377073906486;0.0;
бороться;0.444444444444;0.0;0.0;
босой;0.0;0.377073906486;0.0593683210639;
ботфорт;0.444444444444;0.0;0.0;
бочка;0.0;0.377073906486;0.0;
бояться;0.0;0.377073906486;0.296841605319;
брага;0.0;0.377073906486;0.0;
бревно;0.0;0.377073906486;0.0;
бригадир;0.888888888889;0.0;0.118736642128;
бриллиантовый;0.0;0.377073906486;0.0;
бродить;0.0;0.377073906486;0.118736642128;
бросаться;0.888888888889;0.0;0.356209926383;
брызги;0.444444444444;0.0;0.0;
бугор;0.444444444444;0.0;0.0593683210639;
бумажка;0.444444444444;0.0;0.296841605319;
бумажный;0.444444444444;0.0;0.0;
бурно;0.444444444444;0.0;0.0;
буря;0.0;0.377073906486;0.0;
бывать;0.0;0.377073906486;0.356209926383;
важно;0.0;0.754147812971;0.0;
важный;0.0;0.377073906486;0.0593683210639;
вал;0.0;0.377073906486;0.0593683210639;
валяться;0.0;0.377073906486;0.0;
вареный;0.0;0.377073906486;0.0;
вариться;0.0;0.377073906486;0.0;
ватага;0.0;0.377073906486;0.0593683210639;
ваш;3.55555555556;0.0;1.12799810021;
вглядываться;0.444444444444;0.0;0.0;
вдавливать;0.444444444444;0.0;0.0;
вдали;0.0;0.377073906486;0.0;
вдохновенно;0.888888888889;0.0;0.0593683210639;
вдруг;3.11111111111;0.0;1.54357634766;
ведь;0.444444444444;0.0;0.237473284256;
веер;0.0;0.377073906486;0.0;
век;0.0;0.377073906486;0.237473284256;
веко;0.444444444444;0.0;0.0;
велеть;0.444444444444;0.0;0.237473284256;
великолепный;0.0;0.377073906486;0.0593683210639;
величина;0.0;0.377073906486;0.0;
вероятно;0.0;0.754147812971;0.118736642128;
верх;0.888888888889;0.0;0.0593683210639;
верхний;0.0;0.377073906486;0.178104963192;
верховой;0.0;0.377073906486;0.0;
верхом;0.444444444444;0.0;0.0593683210639;
весело;0.0;0.377073906486;0.118736642128;
веселый;0.0;1.50829562594;0.118736642128;
вести;0.0;0.377073906486;0.178104963192;
ветвь;0.0;0.754147812971;0.0;
ветер;0.0;2.6395173454;0.0;
ветчина;0.0;0.377073906486;0.0;
веять;0.0;0.377073906486;0.0;
взвиваться;0.0;0.377073906486;0.0;
взвизгивать;0.444444444444;0.0;0.0;
взмет;0.0;0.754147812971;0.0;
взреветь;0.444444444444;0.0;0.0;
взяться;0.888888888889;0.0;0.237473284256;
вид;0.888888888889;0.0;0.949893137022;
видимо;0.888888888889;0.0;0.593683210639;
видно;0.0;0.377073906486;0.415578247447;
визг;0.0;1.13122171946;0.118736642128;
визжать;0.444444444444;0.0;0.0;
виктор;0.0;0.377073906486;0.0;
виновато;0.0;0.377073906486;0.0;
виноватый;0.0;0.377073906486;0.237473284256;
висеть;0.888888888889;0.0;0.237473284256;
витой;0.0;0.377073906486;0.0;
вкладывать;0.444444444444;0.0;0.0593683210639;
вкусный;0.0;0.377073906486;0.0;
власть;0.444444444444;0.0;0.118736642128;
вне;0.444444444444;0.0;0.0;
внутренний;0.444444444444;0.0;0.0593683210639;
вода;0.0;0.377073906486;0.356209926383;
водить;0.0;0.377073906486;0.0;
водка;0.0;0.377073906486;0.237473284256;
возвращаться;0.0;0.754147812971;0.237473284256;
воздерживаться;0.444444444444;0.0;0.0;
воздух;0.0;1.13122171946;0.415578247447;
возить;0.0;0.377073906486;0.0;
вознесение;0.444444444444;0.0;0.0;
возноситься;0.0;0.754147812971;0.0;
возок;0.0;0.377073906486;0.0;
возражать;0.444444444444;0.0;0.118736642128;
вой;0.444444444444;0.0;0.0593683210639;
вокруг;0.0;0.754147812971;0.474946568511;
волна;0.888888888889;0.0;0.0;
волновать;0.0;0.377073906486;0.0593683210639;
волноваться;0.0;0.377073906486;0.118736642128;
волос;0.888888888889;0.0;0.474946568511;
вольтер;0.0;0.377073906486;0.0;
волюшка;0.444444444444;0.0;0.0;
воображение;0.444444444444;0.0;0.356209926383;
вооружать;0.444444444444;0.0;0.0;
вор;0.444444444444;0.0;0.0;
воробей;0.0;0.377073906486;0.0593683210639;
воротиться;0.444444444444;0.0;0.0;
ворох;0.0;0.377073906486;0.0;
восклицание;0.444444444444;0.0;0.0;
восковой;0.444444444444;0.0;0.0;
впадина;0.0;0.377073906486;0.0;
вперед;0.888888888889;0.0;0.178104963192;
впереди;0.0;0.377073906486;0.0593683210639;
впечатление;0.0;0.377073906486;0.118736642128;
вполне;0.0;0.377073906486;0.178104963192;
вприческа;0.0;0.377073906486;0.0;
впрыскивать;0.444444444444;0.0;0.0593683210639;
враждебный;0.444444444444;0.0;0.118736642128;
вращаться;0.0;0.377073906486;0.118736642128;
всегда;0.0;1.13122171946;0.593683210639;
вспенивать;0.0;0.377073906486;0.0;
вспоминать;0.444444444444;0.0;0.0;
вспоминаться;0.0;0.377073906486;0.118736642128;
вспомнить;0.0;0.377073906486;0.296841605319;
вспыхивать;0.444444444444;0.0;0.118736642128;
вставать;0.0;1.13122171946;0.415578247447;
вставлять;0.0;0.377073906486;0.118736642128;
встрепенуться;0.0;0.377073906486;0.0;
встреча;0.444444444444;0.0;0.0;
вступаться;0.444444444444;0.0;0.0;
второпях;0.444444444444;0.0;0.0;
въезжать;0.0;0.754147812971;0.0;
вы;3.11111111111;0.754147812971;4.57136072192;
выглядывать;0.0;0.377073906486;0.0;
выдавать;0.888888888889;0.0;0.178104963192;
выделяться;0.0;0.377073906486;0.0;
выжигать;0.0;0.377073906486;0.0;
вынести;0.0;0.377073906486;0.0;
вынимать;0.888888888889;0.0;0.178104963192;
выплывать;0.0;0.377073906486;0.0;
вырисовываться;0.0;0.377073906486;0.0;
вырубать;0.0;0.377073906486;0.0;
вырыть;0.0;0.377073906486;0.0;
высасывать;0.444444444444;0.0;0.0;
выселки;0.0;1.13122171946;0.0593683210639;
выселок;0.0;0.754147812971;0.118736642128;
выскакивать;0.0;0.377073906486;0.0;
высовываться;0.444444444444;0.0;0.0;
высоко;0.0;0.377073906486;0.118736642128;
выстреливать;1.33333333333;0.0;0.237473284256;
выступать;0.444444444444;0.0;0.0;
вытекать;0.444444444444;0.0;0.0;
вытирать;0.888888888889;0.0;0.0;
вытягиваться;0.0;0.377073906486;0.0;
вязать;0.444444444444;0.0;0.0;
гадливый;0.444444444444;0.0;0.0;
галка;0.0;0.377073906486;0.0;
гармоника;0.0;0.377073906486;0.0;
гвардия;0.888888888889;0.0;0.0;
герасимовна;0.0;1.50829562594;0.0;
гигантский;0.888888888889;0.0;0.0593683210639;
гикнуть;0.0;0.377073906486;0.0;
гипс;0.444444444444;0.0;0.0;
гитара;0.0;0.377073906486;0.0;
глава;0.0;0.377073906486;0.0;
главное;0.444444444444;0.0;0.118736642128;
гладить;0.444444444444;0.0;0.0;
глотать;0.0;0.377073906486;0.0593683210639;
глубина;0.0;0.377073906486;0.178104963192;
глубокий;0.0;0.754147812971;0.178104963192;
глубоко;0.444444444444;0.0;0.118736642128;
глухо;0.444444444444;0.0;0.0593683210639;
глухой;0.0;0.377073906486;0.0593683210639;
глядеть;0.0;2.26244343891;0.534314889575;
глянуть;0.888888888889;0.0;0.0;
гнев;0.444444444444;0.0;0.0593683210639;
гнездо;0.0;0.377073906486;0.0;
говор;0.0;0.754147812971;0.0;
голень;0.888888888889;0.0;0.0;
головка;0.0;0.377073906486;0.0;
голодный;0.0;0.377073906486;0.0;
голубоватый;0.0;0.377073906486;0.0;
голубой;0.0;0.754147812971;0.237473284256;
голубь;0.0;0.377073906486;0.0593683210639;
голый;0.0;0.377073906486;0.0593683210639;
гончая;0.0;1.50829562594;0.0;
гончий;0.0;0.377073906486;0.0;
гора;0.0;0.377073906486;0.237473284256;
гордиться;0.0;0.377073906486;0.118736642128;
горлинка;0.0;0.377073906486;0.0;
горошек;0.0;0.377073906486;0.0;
горячий;0.0;0.377073906486;0.237473284256;
господин;0.0;0.377073906486;1.36547138447;
господский;0.0;0.377073906486;0.0;
гост;0.444444444444;0.0;0.0;
гостеприимный;0.0;0.377073906486;0.0;
гостиная;0.0;0.377073906486;0.0;
государь;0.0;0.377073906486;0.0593683210639;
готовить;0.444444444444;0.0;0.0593683210639;
готовый;0.444444444444;0.0;0.178104963192;
грабли;0.0;0.377073906486;0.0;
граф;3.11111111111;0.0;0.474946568511;
графиня;1.33333333333;0.0;0.415578247447;
гребень;0.0;0.377073906486;0.0;
греться;0.0;0.377073906486;0.0;
грибной;0.0;0.377073906486;0.0;
гроб;0.444444444444;0.0;0.415578247447;
гробовщик;2.66666666667;0.0;1.00926145809;
гроздь;0.444444444444;0.0;0.0;
громадный;0.444444444444;0.0;0.0;
громкий;0.444444444444;0.0;0.0593683210639;
громко;0.0;0.377073906486;0.237473284256;
грубый;0.0;0.377073906486;0.0;
груда;0.444444444444;0.0;0.118736642128;
грудь;0.0;0.377073906486;0.118736642128;
грустно;0.0;0.754147812971;0.0593683210639;
грусть;0.0;0.377073906486;0.0;
грыжа;0.444444444444;0.0;0.534314889575;
грязь;0.0;0.754147812971;0.0;
губа;0.888888888889;0.0;0.474946568511;
гудеть;0.0;1.13122171946;0.0593683210639;
гул;0.0;0.377073906486;0.0593683210639;
гулкий;0.0;0.377073906486;0.0593683210639;
гумно;0.0;1.50829562594;0.118736642128;
гусиный;0.0;0.377073906486;0.0;
густой;0.0;1.13122171946;0.237473284256;
давление;0.444444444444;0.0;0.0;
далекий;0.444444444444;0.0;0.0;
даль;0.0;0.377073906486;0.0593683210639;
дама;0.444444444444;0.0;0.890524815958;
даром;0.444444444444;0.0;0.237473284256;
двадцать;0.0;0.377073906486;0.296841605319;
двигаться;0.0;0.754147812971;0.178104963192;
движение;0.444444444444;0.0;0.178104963192;
двинуться;0.444444444444;0.0;0.0;
двое;0.0;0.377073906486;0.118736642128;
двор;0.444444444444;2.26244343891;0.356209926383;
дворня;0.0;0.377073906486;0.0;
дворовый;0.0;0.377073906486;0.0593683210639;
дворянин;0.0;0.754147812971;0.0;
дворянский;0.0;0.754147812971;0.0;
девичий;0.444444444444;0.0;0.0;
девка;0.0;1.88536953243;0.0;
девушка;3.11111111111;0.377073906486;0.474946568511;
девчонка;0.0;0.377073906486;0.0593683210639;
дед;0.0;0.377073906486;0.0;
дедовский;0.0;0.377073906486;0.0;
действовать;0.444444444444;0.0;0.0593683210639;
декламировать;0.0;0.377073906486;0.0;
делаться;0.0;0.377073906486;0.178104963192;
делиться;0.0;0.377073906486;0.0593683210639;
демьян;0.888888888889;0.0;0.237473284256;
день;0.0;4.14781297134;1.78104963192;
деньги;0.0;0.377073906486;0.356209926383;
деревенский;0.0;0.754147812971;0.118736642128;
деревня;0.0;1.13122171946;0.593683210639;
деревянный;0.0;0.377073906486;0.237473284256;
держать;0.0;0.377073906486;0.593683210639;
дернуть;0.444444444444;0.0;0.0;
десна;0.444444444444;0.0;0.0;
десятина;0.0;0.377073906486;0.0;
десять;0.444444444444;0.0;0.178104963192;
детство;0.0;0.377073906486;0.0593683210639;
дешевый;0.0;0.377073906486;0.0;
джой;2.66666666667;0.0;1.30610306341;
дикарский;0.0;0.377073906486;0.0;
директор;0.888888888889;0.0;0.534314889575;
дитя;0.0;0.377073906486;0.0;
длина;0.0;0.377073906486;0.0;
длинный;0.444444444444;2.26244343891;1.06862977915;
дневный;0.0;0.377073906486;0.0;
добираться;0.0;0.377073906486;0.0;
добрый;0.888888888889;0.0;0.534314889575;
догадываться;0.444444444444;0.0;0.178104963192;
доезжать;0.0;0.377073906486;0.0593683210639;
дождь;0.444444444444;1.88536953243;0.0593683210639;
долгий;0.0;0.377073906486;0.237473284256;
долго;0.0;2.26244343891;0.534314889575;
должно;0.444444444444;0.0;0.178104963192;
долина;0.0;0.377073906486;0.237473284256;
дом;0.888888888889;4.90196078431;1.06862977915;
домовитость;0.0;0.377073906486;0.0;
домовитый;0.0;0.377073906486;0.0;
домой;0.444444444444;0.0;0.356209926383;
дон;0.0;0.377073906486;0.0;
донец;0.0;0.377073906486;0.0;
дорогой;0.444444444444;0.0;0.118736642128;
дорожный;0.444444444444;0.0;0.0;
достойный;0.0;0.377073906486;0.0593683210639;
дотягиваться;0.0;0.377073906486;0.0;
дохнуть;0.444444444444;0.0;0.0;
доходить;0.444444444444;0.0;0.0593683210639;
древесный;0.0;0.377073906486;0.0;
древний;0.0;0.377073906486;0.118736642128;
дробный;0.0;0.377073906486;0.0;
дрова;0.0;0.377073906486;0.0593683210639;
дрожь;0.444444444444;0.0;0.118736642128;
дрозд;0.0;0.377073906486;0.0;
дрон;0.0;0.377073906486;0.0;
дружный;0.0;0.754147812971;0.0;
дряхлый;0.0;0.377073906486;0.0;
дубрава;0.0;0.377073906486;0.0;
дуло;0.0;0.377073906486;0.0;
дуля;0.0;0.377073906486;0.0;
думаться;0.0;0.377073906486;0.0;
дура;0.444444444444;0.0;0.0;
дурачество;0.0;0.377073906486;0.0;
дуть;0.0;0.754147812971;0.0;
душа;0.0;0.377073906486;0.237473284256;
дуэль;0.444444444444;0.0;0.0593683210639;
дыбом;0.444444444444;0.0;0.0;
дым;0.0;1.88536953243;0.296841605319;
дьявольски;0.444444444444;0.0;0.0;
дьявольщина;0.444444444444;0.0;0.0;
евгений;0.0;0.377073906486;0.0;
еда;0.0;0.377073906486;0.0593683210639;
едва;0.444444444444;0.0;0.237473284256;
ей;0.444444444444;0.0;0.0593683210639;
екатерининский;0.0;0.377073906486;0.0;
ерот;0.0;0.377073906486;0.0;
если;0.0;1.13122171946;1.95915459511;
есть;0.0;0.377073906486;0.296841605319;
ехать;0.0;0.754147812971;0.534314889575;
жадно;0.0;0.377073906486;0.118736642128;
жалеть;0.444444444444;0.0;0.0;
жаль;0.444444444444;0.0;0.0;
жарко;0.444444444444;0.0;0.0;
ждать;0.444444444444;0.0;0.653051531703;
желать;0.0;0.377073906486;0.237473284256;
железното;0.0;0.377073906486;0.0;
железо;0.0;0.377073906486;0.0;
жена;2.22222222222;0.377073906486;0.593683210639;
женский;0.444444444444;0.0;0.0593683210639;
женственно;0.0;0.377073906486;0.0;
женщина;0.0;0.377073906486;0.356209926383;
жеребец;0.0;0.377073906486;0.0;
жестяной;0.444444444444;0.0;0.0;
живо;0.0;0.377073906486;0.0;
живучий;0.444444444444;0.0;0.0;
жидкий;0.0;0.377073906486;0.0;
жила;0.444444444444;0.0;0.0;
жилье;0.0;0.377073906486;0.0;
жирный;0.444444444444;0.0;0.0;
жнивье;0.0;0.754147812971;0.0;
жребий;0.444444444444;0.0;0.0593683210639;
жужжание;0.0;0.377073906486;0.118736642128;
жуковский;0.0;0.377073906486;0.0;
журнал;0.0;0.377073906486;0.0;
жуткий;0.444444444444;0.0;0.0593683210639;
забелеть;0.0;0.377073906486;0.0;
забинтовывать;0.444444444444;0.0;0.0;
забираться;0.444444444444;0.0;0.0593683210639;
заверять;0.444444444444;0.0;0.0;
завязывать;0.0;0.377073906486;0.0;
заглядывать;0.444444444444;0.0;0.0;
задавливать;0.444444444444;0.0;0.0;
заезжать;0.0;0.377073906486;0.0;
заживаться;0.0;0.754147812971;0.0;
зажигать;0.0;0.377073906486;0.0593683210639;
зажимать;0.444444444444;0.0;0.0593683210639;
зазимок;0.0;1.13122171946;0.0593683210639;
зайти;0.444444444444;0.0;0.0;
закатить;0.0;0.377073906486;0.0;
закипать;0.0;0.377073906486;0.0;
заключать;0.444444444444;0.0;0.0;
закрадываться;0.0;0.377073906486;0.0;
закричать;0.888888888889;0.0;0.356209926383;
закружиться;0.444444444444;0.0;0.0;
закрывать;0.0;0.377073906486;0.178104963192;
закрываться;0.0;0.377073906486;0.0;
зал;0.0;0.377073906486;0.237473284256;
зала;0.0;0.377073906486;0.0593683210639;
заливать;0.0;0.377073906486;0.0;
заляпывать;0.444444444444;0.0;0.0;
заманчивый;0.0;0.377073906486;0.0;
замасливаться;0.0;0.377073906486;0.0;
замашный;0.0;0.754147812971;0.0;
замелькать;0.0;1.13122171946;0.0;
заметаться;0.444444444444;0.0;0.0;
заметка;0.0;0.377073906486;0.178104963192;
заметный;0.888888888889;0.0;0.0;
замечать;0.0;0.377073906486;0.831156494894;
замирать;0.0;0.754147812971;0.178104963192;
занавеска;0.0;0.377073906486;0.0;
заныть;0.0;0.377073906486;0.0;
занятый;0.0;0.377073906486;0.0;
заострять;0.444444444444;0.0;0.0;
запад;0.0;0.377073906486;0.0;
запальчивость;0.444444444444;0.0;0.0593683210639;
запах;0.0;1.50829562594;0.296841605319;
заповедный;0.0;0.377073906486;0.0;
запущенность;0.0;0.377073906486;0.0;
запылить;0.444444444444;0.0;0.0;
запыхаться;0.444444444444;0.0;0.0;
заря;0.0;0.754147812971;0.118736642128;
заряжать;1.33333333333;0.0;0.0;
заскорузлый;0.0;0.377073906486;0.0;
заспанный;0.0;0.377073906486;0.0;
заставлять;0.444444444444;0.0;0.237473284256;
застегивать;0.0;0.377073906486;0.0;
застилать;0.444444444444;0.0;0.0;
застреливаться;0.0;0.377073906486;0.0;
заступать;0.0;0.377073906486;0.0;
засыхать;0.444444444444;0.0;0.0;
затвердевать;0.0;0.377073906486;0.0;
затем;0.888888888889;0.0;0.712419852767;
затихать;0.444444444444;0.0;0.0;
затравливать;0.0;0.377073906486;0.0;
затрещать;0.444444444444;0.0;0.0;
затуманивать;0.0;0.377073906486;0.0;
заупрямиться;0.444444444444;0.0;0.0;
захотеть;0.444444444444;0.0;0.118736642128;
зашивать;0.444444444444;0.0;0.0;
звезда;0.0;0.377073906486;0.118736642128;
звездочка;0.0;0.377073906486;0.0;
звенеть;0.0;0.377073906486;0.0593683210639;
звено;0.444444444444;0.0;0.0;
зверь;0.0;1.13122171946;0.0593683210639;
звонкий;0.0;0.377073906486;0.0;
звонко;0.444444444444;0.0;0.118736642128;
звук;0.0;0.377073906486;0.296841605319;
звучать;0.444444444444;0.0;0.0;
здесь;1.33333333333;0.0;0.296841605319;
здорово;0.0;0.377073906486;0.0;
здоровый;0.0;0.754147812971;0.118736642128;
здравый;0.444444444444;0.0;0.0;
зевать;0.0;0.377073906486;0.0593683210639;
зелень;0.0;0.754147812971;0.0;
земляной;0.0;0.377073906486;0.0;
зеркало;0.0;0.754147812971;0.0593683210639;
зима;0.0;0.754147812971;0.356209926383;
зимнему;0.0;0.377073906486;0.0;
зимний;0.0;1.50829562594;0.118736642128;
зиять;0.444444444444;0.0;0.0;
злобно;0.444444444444;0.0;0.0593683210639;
злобный;0.444444444444;0.0;0.118736642128;
зловещий;0.0;0.377073906486;0.0;
злой;0.444444444444;0.0;0.118736642128;
злощастный;0.0;0.377073906486;0.0;
змея;0.888888888889;0.0;0.356209926383;
знакомец;0.444444444444;0.0;0.0;
знакомый;0.444444444444;0.0;0.237473284256;
знать;3.55555555556;0.377073906486;1.30610306341;
значит;0.0;0.377073906486;0.178104963192;
значить;0.444444444444;0.0;0.237473284256;
значок;0.0;0.377073906486;0.0;
золотистый;0.0;0.377073906486;0.118736642128;
золотой;0.0;1.50829562594;0.237473284256;
ибо;0.0;0.377073906486;0.415578247447;
ивановна;0.444444444444;0.0;0.296841605319;
игнат;0.0;0.377073906486;0.0;
идти;0.444444444444;2.26244343891;1.18736642128;
иждивение;0.0;0.377073906486;0.0;
изба;0.0;0.377073906486;0.118736642128;
известие;0.444444444444;0.0;0.237473284256;
извинять;0.444444444444;0.0;0.118736642128;
издавать;0.0;0.377073906486;0.0593683210639;
изорвать;0.444444444444;0.0;0.0593683210639;
иметься;0.444444444444;0.0;0.0593683210639;
индюшка;0.0;0.377073906486;0.0;
инкрустация;0.0;0.377073906486;0.0;
иногда;0.0;1.88536953243;0.296841605319;
инстинкт;0.444444444444;0.0;0.0;
инструмент;0.444444444444;0.0;0.0593683210639;
искомый;0.444444444444;0.0;0.0;
искра;0.444444444444;0.0;0.0;
искусственный;0.444444444444;0.0;0.0;
исполнение;0.444444444444;0.0;0.118736642128;
испугаться;0.444444444444;0.0;0.0593683210639;
испытывать;0.444444444444;0.0;0.118736642128;
истина;0.444444444444;0.0;0.118736642128;
истопник;0.888888888889;0.0;0.653051531703;
истрепанный;0.0;0.377073906486;0.0;
исчезать;0.0;0.377073906486;0.118736642128;
итого;0.444444444444;0.0;0.0;
июнь;0.0;0.377073906486;0.0593683210639;
кабы;0.0;0.377073906486;0.0;
кавалер;0.0;0.377073906486;0.118736642128;
кадушка;0.0;0.377073906486;0.0593683210639;
каждый;0.444444444444;0.0;1.36547138447;
каково;0.444444444444;0.0;0.0593683210639;
калитка;1.33333333333;0.0;0.118736642128;
камень;0.444444444444;0.0;0.237473284256;
камин;0.444444444444;0.0;0.0593683210639;
камфара;1.77777777778;0.0;0.0;
капля;1.33333333333;0.0;0.0593683210639;
капуста;0.0;0.377073906486;0.0;
карандаш;0.444444444444;0.0;0.0;
каретный;0.0;0.377073906486;0.0;
карман;0.444444444444;0.0;0.178104963192;
картавый;0.0;0.377073906486;0.0;
картина;1.33333333333;0.0;0.415578247447;
касаться;0.888888888889;0.0;0.356209926383;
кафтан;0.444444444444;0.0;0.0593683210639;
качаться;0.0;0.377073906486;0.0;
квас;0.0;0.377073906486;0.0;
квохтанье;0.0;0.377073906486;0.0;
кинуть;0.444444444444;0.0;0.0;
киргиз;0.0;0.754147812971;0.0593683210639;
кирпичный;0.0;0.754147812971;0.0;
кисловатый;0.0;0.377073906486;0.0;
кисть;0.444444444444;0.0;0.0593683210639;
кихот;0.0;0.377073906486;0.0;
клавикорды;0.0;0.377073906486;0.0;
кланяться;0.0;0.377073906486;0.118736642128;
клеенка;0.444444444444;0.0;0.0;
кликнуть;0.444444444444;0.0;0.0593683210639;
клиника;0.444444444444;0.0;0.0;
клочок;0.444444444444;0.0;0.0;
клуб;0.0;0.377073906486;0.0593683210639;
книга;0.0;1.88536953243;0.415578247447;
кнут;0.0;0.377073906486;0.0;
ко;0.888888888889;0.0;0.296841605319;
кобчик;0.0;0.377073906486;0.0;
когда;0.444444444444;3.39366515837;2.79031109;
кожа;2.66666666667;0.0;0.118736642128;
кожаный;0.0;0.377073906486;0.0;
кой;0.444444444444;0.0;0.415578247447;
колено;0.444444444444;0.0;0.178104963192;
колкий;0.0;0.377073906486;0.0;
коллен;0.444444444444;0.0;0.0;
коло;0.0;0.377073906486;0.0;
колонна;0.0;0.377073906486;0.0;
колпак;0.444444444444;0.0;0.0;
колтун;0.444444444444;0.0;0.0;
кольбер;5.33333333333;0.0;1.30610306341;
компания;0.444444444444;0.0;0.118736642128;
конец;1.77777777778;0.377073906486;0.534314889575;
конечно;0.0;0.377073906486;0.474946568511;
конопляник;0.0;0.377073906486;0.0;
кончаться;0.444444444444;0.0;0.118736642128;
копейка;0.0;0.377073906486;0.0;
копыто;0.0;0.377073906486;0.0593683210639;
кора;0.0;0.377073906486;0.0;
коралловый;0.0;0.377073906486;0.0;
коренастый;0.0;0.377073906486;0.0;
корешок;0.0;0.377073906486;0.0;
коридор;0.0;0.377073906486;0.0593683210639;
корова;0.0;0.377073906486;0.0593683210639;
коротенький;0.0;0.377073906486;0.0;
корточки;0.0;0.377073906486;0.118736642128;
косить;0.0;0.377073906486;0.0;
космы;0.0;0.377073906486;0.0;
косоворотка;0.0;0.377073906486;0.0;
косточка;0.444444444444;0.0;0.0593683210639;
кость;3.55555555556;0.0;0.0593683210639;
костюм;0.0;0.377073906486;0.0;
костяной;0.444444444444;0.0;0.0593683210639;
косяк;0.0;0.377073906486;0.0593683210639;
кофеин;0.444444444444;0.0;0.0;
кочерг;0.444444444444;0.0;0.0;
кочерга;1.33333333333;0.0;1.00926145809;
кочерыжка;0.444444444444;0.0;0.0;
кошмарный;0.444444444444;0.0;0.0;
край;0.444444444444;0.0;0.237473284256;
красавец;0.0;0.377073906486;0.0;
красивый;0.0;1.13122171946;0.237473284256;
краска;0.0;0.377073906486;0.118736642128;
крепкий;0.0;0.754147812971;0.0;
крепостной;0.0;0.754147812971;0.0;
кресло;0.0;0.377073906486;0.0593683210639;
крест;0.0;0.377073906486;0.0593683210639;
крикнуть;0.0;0.377073906486;0.118736642128;
кровавить;0.444444444444;0.0;0.0;
кровавый;0.444444444444;0.0;0.0;
кровать;0.0;0.754147812971;0.118736642128;
кровить;0.444444444444;0.0;0.0;
кровь;4.44444444444;0.377073906486;0.0593683210639;
кроме;0.444444444444;0.0;0.712419852767;
кротко;0.0;0.754147812971;0.0;
круг;0.0;0.377073906486;0.0;
кругообразный;0.444444444444;0.0;0.0;
крупно;0.0;0.377073906486;0.0;
крупный;0.444444444444;0.0;0.118736642128;
крутить;0.0;0.377073906486;0.0;
круто;0.0;0.377073906486;0.0;
крылышко;0.0;0.377073906486;0.0;
крыльцо;0.0;1.13122171946;0.178104963192;
крытый;0.0;0.377073906486;0.0;
крыша;0.0;1.88536953243;0.0593683210639;
кто;2.66666666667;0.0;1.60294466872;
куда;0.444444444444;0.0;0.593683210639;
кузька;0.888888888889;0.0;0.0;
куковать;0.0;0.377073906486;0.0;
кукушка;0.0;0.377073906486;0.0;
кулеш;0.0;0.377073906486;0.0;
культя;0.888888888889;0.0;0.0;
купец;0.444444444444;0.0;0.0593683210639;
курилкин;0.444444444444;0.0;0.0593683210639;
курица;0.0;0.377073906486;0.0;
кус;0.444444444444;0.0;0.0;
куст;0.444444444444;0.0;0.0593683210639;
кухарка;0.0;0.377073906486;0.178104963192;
кучер;0.0;0.377073906486;0.0;
лад;0.0;0.377073906486;0.0;
лай;0.0;0.754147812971;0.0593683210639;
лакейский;0.0;0.754147812971;0.0;
лампада;0.0;0.377073906486;0.0;
ласково;0.444444444444;0.0;0.0;
левый;0.444444444444;0.0;0.296841605319;
легенда;0.0;0.377073906486;0.0;
легкий;0.0;0.377073906486;0.296841605319;
ледяной;0.0;0.754147812971;0.0593683210639;
лениво;0.0;1.13122171946;0.0;
лента;0.444444444444;0.0;0.0;
лепить;0.0;0.377073906486;0.0;
лес;0.0;3.39366515837;0.653051531703;
лесной;0.0;0.377073906486;0.0;
лестница;0.444444444444;0.0;0.415578247447;
лететь;0.0;0.377073906486;0.0593683210639;
лето;0.0;0.754147812971;0.356209926383;
ли;5.33333333333;0.0;1.72168131085;
ливень;0.0;0.377073906486;0.0;
лигатура;0.444444444444;0.0;0.0;
лилейный;0.0;0.377073906486;0.0;
лилия;0.0;0.377073906486;0.0;
лиловый;0.0;0.754147812971;0.0593683210639;
липа;0.0;0.377073906486;0.0;
липовый;0.0;0.377073906486;0.0593683210639;
лисий;0.444444444444;0.0;0.0;
лисица;0.0;0.377073906486;0.0;
лист;0.0;0.754147812971;0.0593683210639;
листва;0.0;1.50829562594;0.237473284256;
лицеист;0.0;0.377073906486;0.0;
лишаться;0.444444444444;0.0;0.118736642128;
лишь;0.888888888889;0.0;0.237473284256;
лоб;0.444444444444;0.0;0.296841605319;
ловкий;0.0;0.377073906486;0.0;
ловко;1.33333333333;0.0;0.0;
ложиться;0.0;0.377073906486;0.237473284256;
лозина;0.0;0.377073906486;0.118736642128;
локоть;0.444444444444;0.0;0.0593683210639;
лопнуть;0.444444444444;0.0;0.0;
лохматый;0.0;0.377073906486;0.0;
лохмы;0.444444444444;0.0;0.0;
лошадиный;0.0;0.377073906486;0.0593683210639;
лошадь;0.444444444444;1.88536953243;0.237473284256;
лук;0.0;0.377073906486;0.0;
лукерья;0.0;0.377073906486;0.0;
лукич;0.888888888889;0.0;0.237473284256;
любить;0.0;0.377073906486;0.178104963192;
любовник;0.444444444444;0.0;0.0;
любой;0.444444444444;0.0;0.0593683210639;
людмила;0.0;0.377073906486;0.0;
людно;0.0;0.377073906486;0.0;
людный;0.0;0.377073906486;0.0;
людской;0.0;1.13122171946;0.0593683210639;
макушка;0.0;0.377073906486;0.0;
малиновый;0.0;0.377073906486;0.0;
мальчишка;0.0;0.377073906486;0.0;
мамаша;0.444444444444;0.0;0.0;
манерный;0.0;0.754147812971;0.0;
маринад;0.0;0.377073906486;0.0;
марлевый;0.444444444444;0.0;0.0;
марля;0.888888888889;0.0;0.0593683210639;
масло;0.444444444444;0.0;0.0593683210639;
матерый;0.0;0.377073906486;0.0;
махорка;0.0;0.377073906486;0.0;
машинистка;0.888888888889;0.0;0.237473284256;
мгновение;0.444444444444;0.0;0.0;
мебель;0.0;0.377073906486;0.0;
мед;0.0;0.377073906486;0.415578247447;
медленно;0.0;1.13122171946;0.178104963192;
медлить;0.444444444444;0.0;0.0;
медный;0.0;0.377073906486;0.118736642128;
меж;0.0;0.377073906486;0.237473284256;
между;0.444444444444;1.88536953243;1.00926145809;
мелко;0.0;0.377073906486;0.0;
мелкозубый;0.444444444444;0.0;0.0;
мелкопоместный;0.0;2.26244343891;0.0;
мелькать;0.0;1.50829562594;0.0;
менее;0.444444444444;0.0;0.0593683210639;
меняться;0.0;0.377073906486;0.0;
мера;0.0;0.754147812971;0.356209926383;
мерин;0.0;0.377073906486;0.0;
мерно;0.0;0.377073906486;0.0;
мертвец;1.77777777778;0.0;0.178104963192;
мертвый;0.0;0.754147812971;0.474946568511;
местность;0.0;0.377073906486;0.0;
метла;0.0;0.377073906486;0.0;
мечта;0.0;0.754147812971;0.0;
мечтательный;0.0;0.377073906486;0.0;
мешать;0.0;0.377073906486;0.178104963192;
мещанин;0.0;1.50829562594;0.118736642128;
минута;1.33333333333;0.0;1.06862977915;
мирный;0.0;0.377073906486;0.0593683210639;
младой;0.0;0.377073906486;0.0;
млечный;0.0;0.377073906486;0.0;
многие;0.444444444444;0.0;0.0593683210639;
многий;0.0;0.377073906486;0.474946568511;
много;0.0;1.50829562594;1.36547138447;
множество;0.0;0.377073906486;0.178104963192;
могиканин;0.0;0.377073906486;0.0;
мода;0.0;0.377073906486;0.0593683210639;
может;0.0;0.377073906486;0.0;
мозг;0.444444444444;0.0;0.0593683210639;
мокрый;0.0;1.88536953243;0.178104963192;
мол;0.0;0.377073906486;0.0;
молельный;0.0;0.754147812971;0.0;
молния;0.888888888889;0.0;0.0;
молодой;0.0;0.754147812971;0.890524815958;
молотилка;0.0;0.377073906486;0.0;
молотить;0.0;0.377073906486;0.0;
молотьба;0.0;0.754147812971;0.0;
молча;0.444444444444;0.0;0.356209926383;
молчать;0.888888888889;0.0;0.178104963192;
момент;0.444444444444;0.0;0.296841605319;
мороз;0.0;0.377073906486;0.0;
москва;0.888888888889;0.0;0.296841605319;
мочь;1.33333333333;0.0;2.25599620043;
мрак;0.0;0.377073906486;0.0593683210639;
мрачно;0.444444444444;0.0;0.0593683210639;
мрачный;0.0;0.754147812971;0.118736642128;
муж;0.444444444444;0.0;0.296841605319;
мужик;0.0;0.754147812971;0.178104963192;
мужицкий;0.0;0.377073906486;0.0;
мужчина;0.444444444444;0.0;0.356209926383;
музыкальный;0.0;0.377073906486;0.0593683210639;
мундир;0.444444444444;0.0;0.118736642128;
мутный;0.444444444444;0.0;0.0593683210639;
муха;1.33333333333;0.0;0.118736642128;
мы;3.11111111111;0.377073906486;4.9275706483;
мышца;0.444444444444;0.0;0.118736642128;
мягкий;0.0;0.754147812971;0.0593683210639;
мясник;0.444444444444;0.0;0.0;
мясо;1.33333333333;0.0;0.0;
мятый;0.444444444444;0.0;0.0;
набок;0.444444444444;0.0;0.0;
наборный;0.0;0.377073906486;0.0;
набросать;0.444444444444;0.0;0.0;
набухать;0.444444444444;0.0;0.0593683210639;
навозный;0.0;0.377073906486;0.0;
навстречу;0.0;0.754147812971;0.0593683210639;
нагонять;0.0;0.377073906486;0.0;
надворный;0.0;0.377073906486;0.0;
наддавать;0.0;0.377073906486;0.0;
надевать;0.0;0.754147812971;0.296841605319;
надесять;0.0;0.377073906486;0.0;
надо;0.444444444444;0.0;0.712419852767;
надолго;0.0;0.377073906486;0.0593683210639;
надуваться;0.444444444444;0.0;0.0;
назад;0.0;0.377073906486;0.534314889575;
накинуть;0.0;0.754147812971;0.0;
наперерез;0.0;0.377073906486;0.0;
напечатать;0.0;0.377073906486;0.0593683210639;
наполовину;0.0;0.377073906486;0.0593683210639;
например;0.0;0.377073906486;0.296841605319;
напряжение;0.0;0.377073906486;0.0;
напугать;0.0;0.377073906486;0.0;
напутственный;0.444444444444;0.0;0.0;
напыщенный;0.0;0.377073906486;0.0;
народ;0.0;0.377073906486;0.653051531703;
нарочно;0.444444444444;0.0;0.118736642128;
наружу;0.444444444444;0.0;0.118736642128;
нарушать;0.0;0.377073906486;0.178104963192;
насилие;0.444444444444;0.0;0.0593683210639;
насквозь;0.0;0.377073906486;0.0;
наследство;0.0;0.377073906486;0.0;
насмешливо;0.0;0.377073906486;0.0;
настойчиво;0.0;0.377073906486;0.0;
настраивать;0.0;0.377073906486;0.118736642128;
настраиваться;0.0;0.377073906486;0.0;
наступать;0.0;1.13122171946;0.237473284256;
наткнуться;0.0;0.377073906486;0.0593683210639;
натыкать;0.444444444444;0.0;0.0;
натягивать;0.0;0.377073906486;0.0;
нахохливать;0.0;0.377073906486;0.0;
начинаться;0.0;1.13122171946;0.0593683210639;
небо;0.444444444444;3.01659125189;0.474946568511;
небольшой;0.0;1.13122171946;0.356209926383;
небритый;0.444444444444;0.0;0.0;
невмочь;0.444444444444;0.0;0.0;
невозможно;0.0;0.377073906486;0.0593683210639;
невольно;0.0;0.377073906486;0.0;
невысокий;0.0;0.377073906486;0.0593683210639;
нега;0.0;0.377073906486;0.0;
негодование;0.444444444444;0.0;0.0;
нежный;0.0;0.377073906486;0.0;
незнакомый;0.0;0.377073906486;0.118736642128;
неизвестно;0.444444444444;0.0;0.0593683210639;
некоторый;0.0;0.377073906486;0.831156494894;
немножко;0.444444444444;0.0;0.0;
ненавидеть;0.444444444444;0.0;0.0593683210639;
необыкновенно;0.0;0.754147812971;0.0593683210639;
необычайность;0.444444444444;0.0;0.0;
необычный;0.444444444444;0.0;0.0;
непредвиденный;0.444444444444;0.0;0.0;
непрерывно;0.0;0.377073906486;0.0;
неприятный;0.444444444444;0.0;0.0593683210639;
несокрушимый;0.0;0.377073906486;0.0;
нести;0.444444444444;0.0;0.0593683210639;
неудержимо;0.444444444444;0.0;0.0;
неужели;0.888888888889;0.0;0.237473284256;
нечего;0.0;0.377073906486;0.178104963192;
ни;0.888888888889;0.0;2.1372595583;
низкий;0.0;1.13122171946;0.0;
низко;0.0;1.13122171946;0.0593683210639;
никакой;0.444444444444;0.0;0.296841605319;
никитский;0.444444444444;0.0;0.178104963192;
николаевна;1.33333333333;0.0;0.237473284256;
никто;1.77777777778;0.0;0.77178817383;
ниточка;0.444444444444;0.0;0.118736642128;
нищенский;0.0;0.377073906486;0.0;
нищенство;0.0;0.377073906486;0.0;
новый;0.0;0.754147812971;1.18736642128;
ноготь;0.444444444444;0.0;0.0593683210639;
нож;2.66666666667;0.0;0.0593683210639;
ножка;0.0;0.377073906486;0.237473284256;
нос;1.33333333333;0.0;0.296841605319;
носилки;0.0;0.377073906486;0.0;
нотный;0.0;0.377073906486;0.0;
ночевка;0.0;0.377073906486;0.0;
ноябрь;0.0;0.377073906486;0.0;
ноябрьский;0.0;0.377073906486;0.0;
ну;0.0;1.13122171946;0.474946568511;
нужда;0.444444444444;0.0;0.178104963192;
нужно;0.888888888889;0.0;0.593683210639;
нумер;0.444444444444;0.0;0.0593683210639;
об;0.888888888889;0.0;0.415578247447;
оба;0.444444444444;0.0;0.415578247447;
обвести;0.444444444444;0.0;0.0593683210639;
обветренный;0.0;0.377073906486;0.0593683210639;
обдирать;0.444444444444;0.0;0.118736642128;
обед;0.0;1.13122171946;0.415578247447;
обеднеть;0.0;0.377073906486;0.0;
обедня;0.0;0.754147812971;0.0;
обедняться;0.0;0.377073906486;0.0;
обзаводиться;0.0;0.377073906486;0.0593683210639;
обижать;0.444444444444;0.0;0.0593683210639;
обиженный;0.444444444444;0.0;0.0593683210639;
обкладывать;0.0;0.377073906486;0.0;
обладатель;0.0;0.377073906486;0.0;
облако;0.0;1.13122171946;0.118736642128;
облачаться;0.0;0.377073906486;0.0;
обнажать;0.444444444444;0.0;0.0;
обнаженный;0.0;0.754147812971;0.0593683210639;
обнимать;0.0;0.377073906486;0.0;
образничка;0.0;0.377073906486;0.0;
обрастать;0.444444444444;0.0;0.0;
обруч;0.0;0.377073906486;0.0;
обстановка;0.444444444444;0.0;0.0;
обходить;0.444444444444;0.0;0.237473284256;
обходиться;0.444444444444;0.0;0.296841605319;
общественный;0.0;0.377073906486;0.0593683210639;
общий;0.0;0.754147812971;0.118736642128;
объедаться;0.0;0.377073906486;0.0;
объявлять;0.444444444444;0.0;0.474946568511;
объятие;0.444444444444;0.0;0.0593683210639;
обыкновение;0.0;0.377073906486;0.237473284256;
овин;0.0;0.377073906486;0.0;
овраг;0.0;0.754147812971;0.118736642128;
овчарка;0.0;0.377073906486;0.0;
оглушать;0.888888888889;0.0;0.0593683210639;
оглянуться;0.444444444444;0.0;0.118736642128;
огнистый;0.0;0.754147812971;0.0;
огонек;0.0;0.377073906486;0.0593683210639;
одевать;0.444444444444;0.0;0.0593683210639;
одеваться;0.0;0.377073906486;0.178104963192;
одерживать;0.444444444444;0.0;0.0;
одиночество;0.0;0.377073906486;0.118736642128;
однажды;0.444444444444;0.0;0.534314889575;
однодворка;0.0;0.377073906486;0.0;
однообразный;0.0;0.377073906486;0.0;
одноствольный;0.0;0.377073906486;0.0;
однотонный;0.0;0.377073906486;0.0;
одобрять;0.444444444444;0.0;0.0;
оживать;0.444444444444;0.0;0.0593683210639;
ожидание;0.444444444444;0.0;0.0593683210639;
ожидаться;0.444444444444;0.0;0.0;
озарять;0.0;0.377073906486;0.0;
озаряться;0.0;0.377073906486;0.0;
озимь;0.0;0.754147812971;0.0593683210639;
озябнуть;0.0;0.377073906486;0.0;
оказывать;0.444444444444;0.0;0.118736642128;
оказываться;0.444444444444;0.0;0.474946568511;
оканчивать;0.444444444444;0.0;0.0593683210639;
окликать;0.444444444444;0.0;0.0593683210639;
оковывать;0.0;0.754147812971;0.0;
около;0.0;2.26244343891;0.712419852767;
окончательно;0.444444444444;0.0;0.178104963192;
окошечко;0.0;0.377073906486;0.0;
окрашивать;0.0;0.377073906486;0.0;
омет;0.0;0.377073906486;0.0;
она;17.3333333333;2.26244343891;10.0332462598;
онегин;0.0;0.377073906486;0.0;
оно;0.0;0.754147812971;0.0593683210639;
опасность;0.444444444444;0.0;0.0593683210639;
операционный;1.33333333333;0.0;0.178104963192;
операция;0.888888888889;0.0;0.0;
опрокидывать;0.444444444444;0.0;0.178104963192;
опытный;0.444444444444;0.0;0.0593683210639;
опьянять;0.0;0.377073906486;0.0;
орден;0.0;0.377073906486;0.0593683210639;
осаживать;0.0;0.377073906486;0.0;
освещать;0.444444444444;0.0;0.0593683210639;
осенний;0.0;1.13122171946;0.118736642128;
осень;0.0;0.377073906486;0.356209926383;
осенять;0.444444444444;0.0;0.0;
оскаливать;0.0;0.377073906486;0.0;
ослепительно;0.0;0.377073906486;0.0;
ослепительный;0.444444444444;0.0;0.0;
основательно;0.0;0.377073906486;0.0593683210639;
особенно;0.0;0.754147812971;0.0593683210639;
оставаться;1.33333333333;0.0;0.712419852767;
оставлять;1.33333333333;0.0;0.356209926383;
остаток;0.888888888889;0.0;0.0593683210639;
осторожно;0.0;0.754147812971;0.237473284256;
остро;0.444444444444;0.0;0.0593683210639;
остров;0.0;0.377073906486;0.118736642128;
отбрасывать;0.444444444444;0.0;0.0593683210639;
отвечать;1.33333333333;0.0;1.66231298979;
отворять;0.444444444444;0.0;0.0;
отдавать;0.444444444444;0.0;0.296841605319;
отдел;0.444444444444;0.0;0.0593683210639;
отдельно;0.444444444444;0.0;0.0;
отдуться;0.444444444444;0.0;0.0;
отдых;0.0;0.377073906486;0.0;
отдышаться;0.444444444444;0.0;0.0;
отец;0.444444444444;0.0;0.534314889575;
отзываться;0.444444444444;0.0;0.178104963192;
откинуть;0.0;0.377073906486;0.0;
открывать;0.444444444444;0.0;0.712419852767;
открытый;0.0;0.377073906486;0.356209926383;
откуда;0.0;0.377073906486;0.0;
отличаться;0.444444444444;0.0;0.0;
отлично;0.444444444444;0.0;0.0;
отмеривать;0.444444444444;0.0;0.0593683210639;
отомщать;0.444444444444;0.0;0.0;
отпадать;0.444444444444;0.0;0.0;
отпирать;0.444444444444;0.0;0.0;
отпускать;0.444444444444;0.0;0.0593683210639;
отрадно;0.0;0.377073906486;0.0;
отражаться;0.0;0.377073906486;0.118736642128;
отрыж;0.0;0.377073906486;0.0;
отрясать;0.0;0.377073906486;0.0;
отсасывать;0.444444444444;0.0;0.0;
отставка;0.0;0.377073906486;0.118736642128;
отставной;0.888888888889;0.0;0.118736642128;
отталкивать;0.444444444444;0.0;0.0;
оттого;0.0;0.377073906486;0.0;
оттягивать;0.888888888889;0.0;0.0;
отчаянно;0.888888888889;0.0;0.0593683210639;
ох;0.444444444444;0.0;0.0;
охватывать;0.444444444444;0.0;0.237473284256;
охота;0.0;1.88536953243;0.296841605319;
охотиться;0.0;0.377073906486;0.0;
охотник;0.0;1.13122171946;0.0593683210639;
оцепенение;0.444444444444;0.0;0.0;
очутиться;0.444444444444;0.0;0.0;
ощутительный;0.0;0.377073906486;0.0593683210639;
ощущать;0.0;0.377073906486;0.0;
ощущение;0.0;0.754147812971;0.0593683210639;
падать;0.0;0.377073906486;0.0593683210639;
палата;0.888888888889;0.0;0.118736642128;
палец;0.444444444444;0.0;0.593683210639;
пальто;0.444444444444;0.0;0.118736642128;
памятник;0.444444444444;0.0;0.0593683210639;
паника;0.444444444444;0.0;0.0;
папироса;0.0;0.377073906486;0.0593683210639;
пасмурный;0.0;0.377073906486;0.0;
пахнуть;0.0;2.26244343891;0.0593683210639;
пелагея;0.444444444444;0.0;0.237473284256;
пепельный;0.0;0.377073906486;0.0;
перебирать;0.0;0.377073906486;0.0;
переваливаться;0.0;0.377073906486;0.0;
перевод;0.0;0.377073906486;0.0;
переводиться;0.0;0.377073906486;0.0593683210639;
перегнивать;0.0;0.377073906486;0.0;
перед;0.0;1.88536953243;0.593683210639;
передавать;0.0;0.377073906486;0.0593683210639;
передний;0.0;0.377073906486;0.0;
перекидывать;0.0;0.377073906486;0.0;
переламывать;0.444444444444;0.0;0.0;
перелом;0.444444444444;0.0;0.0;
перемирать;0.0;0.377073906486;0.0;
переплет;0.0;0.377073906486;0.118736642128;
переполненный;0.0;0.377073906486;0.0;
перепрыгивать;0.0;0.377073906486;0.0;
пересыпаться;0.0;0.377073906486;0.0;
переходить;0.0;0.377073906486;0.178104963192;
перина;0.0;0.377073906486;0.0;
перламутровый;0.0;0.377073906486;0.0;
перо;0.0;0.377073906486;0.118736642128;
персидский;0.0;0.377073906486;0.0;
песня;0.0;0.754147812971;0.0593683210639;
пестик;0.444444444444;0.0;0.0;
пестрый;0.0;0.754147812971;0.0;
петр;0.888888888889;0.0;0.0;
петрович;0.888888888889;0.0;0.0;
петровки;0.0;0.377073906486;0.0;
печально;0.0;0.377073906486;0.0593683210639;
печальный;0.0;0.377073906486;0.118736642128;
пешком;0.444444444444;0.0;0.237473284256;
пила;0.444444444444;0.0;0.0;
пилить;0.444444444444;0.0;0.0;
пинцет;1.77777777778;0.0;0.0;
писать;0.888888888889;0.0;0.237473284256;
пистолет;3.11111111111;0.0;0.534314889575;
пить;0.0;0.754147812971;0.712419852767;
план;0.0;0.377073906486;0.118736642128;
плесень;0.0;0.377073906486;0.0;
плисовый;0.0;0.377073906486;0.0;
плодовитка;0.0;0.377073906486;0.0;
пляска;0.0;0.377073906486;0.0;
по;2.22222222222;10.1809954751;6.70862028022;
побежать;0.0;0.377073906486;0.0593683210639;
побродить;0.0;0.377073906486;0.0;
побывать;0.444444444444;0.0;0.0;
повалить;0.444444444444;0.0;0.0;
повар;0.0;0.377073906486;0.0;
повертываться;0.444444444444;0.0;0.178104963192;
поверхность;0.0;0.377073906486;0.0593683210639;
повеса;0.888888888889;0.0;0.0;
повизгивать;0.0;0.377073906486;0.0;
повод;0.444444444444;0.0;0.118736642128;
погасать;0.0;0.754147812971;0.0;
поглядывать;0.0;0.377073906486;0.0;
погода;0.0;0.377073906486;0.178104963192;
погонщик;0.0;0.754147812971;0.0;
погребать;0.444444444444;0.0;0.0;
подавальщик;0.0;0.754147812971;0.0;
подавать;0.444444444444;0.0;0.356209926383;
подавиться;0.444444444444;0.0;0.0;
подбородок;0.444444444444;0.0;0.0593683210639;
подводный;0.444444444444;0.0;0.0593683210639;
поддевка;0.0;0.754147812971;0.0593683210639;
поддерживать;0.0;0.377073906486;0.0593683210639;
подкашиваться;0.444444444444;0.0;0.0;
подковка;0.0;0.754147812971;0.0;
подлый;0.444444444444;0.0;0.0;
подол;0.0;0.377073906486;0.0593683210639;
подражать;0.444444444444;0.0;0.0;
подтаскивать;0.444444444444;0.0;0.0;
подтягиваться;0.0;0.377073906486;0.0;
подумать;1.77777777778;0.0;0.653051531703;
подхлестывать;0.444444444444;0.0;0.0;
поездка;0.0;0.377073906486;0.0593683210639;
поехать;0.444444444444;0.0;0.534314889575;
пожаловать;0.444444444444;0.0;0.0;
пожелать;0.444444444444;0.0;0.0;
пожелтеть;0.0;0.377073906486;0.0;
пожитки;0.0;0.377073906486;0.118736642128;
позвать;0.444444444444;0.0;0.237473284256;
поздний;0.0;0.377073906486;0.0593683210639;
поздно;0.444444444444;0.0;0.356209926383;
позеленеть;0.0;0.377073906486;0.0;
пойти;0.888888888889;0.0;0.949893137022;
показываться;1.77777777778;0.377073906486;0.118736642128;
покачивать;0.0;0.377073906486;0.0593683210639;
покашливание;0.0;0.377073906486;0.0;
поклон;0.444444444444;0.0;0.0593683210639;
покой;0.0;0.377073906486;0.0593683210639;
покойница;0.444444444444;0.0;0.118736642128;
покойный;0.0;0.377073906486;0.118736642128;
покоситься;0.444444444444;0.0;0.0593683210639;
покривиться;0.444444444444;0.0;0.0;
покрикивать;0.0;0.377073906486;0.0;
покупатель;0.0;0.377073906486;0.0;
покупать;0.0;0.377073906486;0.0;
покупка;0.0;0.377073906486;0.0;
покусать;0.444444444444;0.0;0.0;
полдень;0.0;0.377073906486;0.0;
поле;0.0;4.14781297134;0.593683210639;
поливать;0.0;0.377073906486;0.0;
полк;0.444444444444;0.0;0.474946568511;
полковник;0.888888888889;0.0;0.0;
полночь;0.0;0.377073906486;0.178104963192;
полный;0.444444444444;0.0;0.534314889575;
полонез;0.0;0.377073906486;0.0;
полоса;0.0;0.754147812971;0.0;
полоска;0.0;0.377073906486;0.0;
полоснуть;0.444444444444;0.0;0.0;
полузакрытый;0.444444444444;0.0;0.0;
полуидиот;0.0;0.377073906486;0.0;
полураскрытый;0.0;0.377073906486;0.0;
полусапожки;0.0;0.377073906486;0.0;
полутемнота;0.0;0.377073906486;0.0;
полутемный;0.0;0.377073906486;0.0;
полутруп;0.888888888889;0.0;0.0;
полушарие;0.0;0.377073906486;0.0;
полушубок;0.0;0.377073906486;0.0593683210639;
полчаса;0.444444444444;0.0;0.0593683210639;
полянка;0.0;0.377073906486;0.0;
померкнуть;0.444444444444;0.0;0.0;
поместье;0.0;0.377073906486;0.118736642128;
помещик;0.0;1.13122171946;0.118736642128;
помещичий;0.0;0.377073906486;0.0;
поминутно;0.0;0.377073906486;0.178104963192;
помирать;0.888888888889;0.0;0.296841605319;
помогать;0.444444444444;0.0;0.237473284256;
помощь;0.888888888889;0.0;0.237473284256;
помчаться;0.0;0.377073906486;0.0;
понева;0.0;0.377073906486;0.0;
понемногу;0.0;0.377073906486;0.0;
понимать;0.888888888889;0.0;0.415578247447;
понятный;0.444444444444;0.0;0.0;
поп;0.0;0.377073906486;0.0;
поплыть;0.0;0.754147812971;0.0;
попойка;0.0;0.377073906486;0.0;
попросить;0.444444444444;0.0;0.0593683210639;
пора;0.0;2.26244343891;0.653051531703;
порваться;0.444444444444;0.0;0.0;
поредеть;0.0;0.377073906486;0.0593683210639;
портки;0.0;0.377073906486;0.0;
порточки;0.0;0.377073906486;0.0;
портрет;0.0;0.377073906486;0.474946568511;
порядок;0.0;0.377073906486;0.237473284256;
порядочно;0.444444444444;0.0;0.0;
поселянин;0.0;0.377073906486;0.0;
посереть;0.0;0.377073906486;0.0;
посинеть;0.444444444444;0.0;0.0;
посмотреть;0.888888888889;0.0;0.178104963192;
посреди;0.0;0.377073906486;0.0593683210639;
постель;0.0;1.50829562594;0.118736642128;
постигать;0.444444444444;0.0;0.0;
постройка;0.0;0.377073906486;0.118736642128;
постромка;0.0;0.377073906486;0.0;
посуда;0.0;0.377073906486;0.237473284256;
посылать;0.444444444444;0.0;0.356209926383;
пот;1.77777777778;0.377073906486;0.0593683210639;
потерпеть;0.444444444444;0.0;0.0593683210639;
потерять;0.444444444444;0.0;0.118736642128;
потолок;0.444444444444;0.0;0.118736642128;
потопать;0.0;0.377073906486;0.0;
потращать;0.0;0.754147812971;0.0;
потянуть;0.0;0.377073906486;0.0593683210639;
потянуться;0.0;0.377073906486;0.0;
похвала;0.0;0.377073906486;0.0;
похоронить;0.888888888889;0.0;0.0;
похрапывать;0.0;0.377073906486;0.0;
почернеть;0.0;1.13122171946;0.0593683210639;
почувствовать;0.888888888889;0.0;0.237473284256;
пошатнуться;0.444444444444;0.0;0.0;
пощечина;0.444444444444;0.0;0.178104963192;
появляться;0.0;0.377073906486;0.296841605319;
право;0.0;0.377073906486;0.415578247447;
православный;0.444444444444;0.0;0.0593683210639;
правый;0.888888888889;0.0;0.296841605319;
праздник;0.0;0.377073906486;0.237473284256;
превознесть;0.0;0.377073906486;0.0;
превращаться;0.0;0.377073906486;0.0;
превышать;0.444444444444;0.0;0.0593683210639;
пред;0.0;0.377073906486;0.0;
предполагать;0.444444444444;0.0;0.118736642128;
предпочитать;0.444444444444;0.0;0.0;
предсмертный;0.444444444444;0.0;0.0;
представляться;0.0;0.377073906486;0.296841605319;
прежде;0.0;0.754147812971;0.237473284256;
прежний;0.0;0.377073906486;0.296841605319;
преодолевать;0.444444444444;0.0;0.0593683210639;
препятствие;0.444444444444;0.0;0.0593683210639;
пресладкий;0.0;0.377073906486;0.0;
прибавлять;0.0;0.377073906486;0.0593683210639;
прибаутка;0.0;0.377073906486;0.0;
приближаться;0.444444444444;0.0;0.296841605319;
приближиваться;0.888888888889;0.0;0.118736642128;
приветливо;0.0;0.377073906486;0.0;
приветствие;0.444444444444;0.0;0.0;
привидение;0.0;0.377073906486;0.0;
привод;0.0;0.754147812971;0.0;
приводить;0.444444444444;0.0;0.118736642128;
привыкать;0.444444444444;0.0;0.296841605319;
привязывать;0.0;0.377073906486;0.118736642128;
приглашение;0.444444444444;0.0;0.118736642128;
приезжать;0.444444444444;0.0;0.415578247447;
приземистый;0.0;0.377073906486;0.0593683210639;
признаваться;0.444444444444;0.0;0.356209926383;
призрак;0.0;0.754147812971;0.118736642128;
призрение;0.0;0.377073906486;0.0;
приказ;0.0;0.377073906486;0.0593683210639;
приказание;0.444444444444;0.0;0.0;
приказывать;0.0;0.377073906486;0.118736642128;
прикрывать;0.444444444444;0.0;0.0;
примус;0.444444444444;0.0;0.0;
принимать;0.888888888889;0.0;0.474946568511;
приниматься;0.0;0.377073906486;0.474946568511;
принуждать;0.444444444444;0.0;0.118736642128;
припадать;0.444444444444;0.0;0.0;
припоминать;0.444444444444;0.0;0.0593683210639;
прислонясь;0.444444444444;0.0;0.0;
приставать;0.444444444444;0.0;0.0593683210639;
присутствие;0.444444444444;0.0;0.178104963192;
приходить;0.0;0.377073906486;1.00926145809;
прицеливаться;0.444444444444;0.0;0.178104963192;
причем;0.888888888889;0.0;0.118736642128;
прическа;0.0;0.377073906486;0.0;
приятель;0.888888888889;0.0;0.0;
приятный;0.0;1.13122171946;0.0;
про;0.0;0.754147812971;0.118736642128;
проба;0.0;0.377073906486;0.0;
пробежать;0.0;0.377073906486;0.0;
пробивать;0.444444444444;0.0;0.0;
пробиваться;0.0;0.377073906486;0.0;
провал;0.444444444444;0.0;0.0;
проваливаться;0.444444444444;0.0;0.0593683210639;
проволока;0.0;0.377073906486;0.0;
проворный;0.0;0.377073906486;0.0;
продавать;0.444444444444;0.0;0.0;
продираться;0.444444444444;0.0;0.0;
продолговатый;0.444444444444;0.0;0.0593683210639;
продымать;0.444444444444;0.0;0.0;
прозрачный;0.0;0.377073906486;0.118736642128;
прозумент;0.0;0.377073906486;0.0;
прозябнуть;0.0;0.377073906486;0.0;
произносить;0.444444444444;0.0;0.178104963192;
происходить;0.444444444444;0.0;0.593683210639;
происшествие;0.444444444444;0.0;0.178104963192;
проказа;0.0;0.377073906486;0.0;
пролетать;0.0;0.377073906486;0.0;
проливной;0.444444444444;0.0;0.0593683210639;
пропадать;0.0;0.377073906486;0.0593683210639;
пропахнуть;0.0;0.377073906486;0.0;
просека;0.444444444444;0.0;0.0;
просить;0.888888888889;0.0;0.356209926383;
проситься;0.0;0.377073906486;0.0593683210639;
простой;0.0;0.377073906486;0.356209926383;
просторный;0.0;0.377073906486;0.0593683210639;
пространный;0.0;0.377073906486;0.0;
прострелить;1.33333333333;0.0;0.356209926383;
простыня;1.33333333333;0.0;0.0593683210639;
просыпать;0.0;0.377073906486;0.0;
просыпаться;0.0;0.377073906486;0.0;
просьба;0.444444444444;0.0;0.0;
протез;0.444444444444;0.0;0.0;
протискивать;0.444444444444;0.0;0.0;
прохлада;0.0;0.377073906486;0.0;
прохладно;0.0;0.377073906486;0.0;
прохладный;0.0;0.754147812971;0.118736642128;
проходить;2.22222222222;0.377073906486;0.653051531703;
прохоров;0.888888888889;0.0;0.237473284256;
прочий;0.444444444444;0.0;0.118736642128;
прочный;0.0;0.754147812971;0.0;
прошамкать;0.444444444444;0.0;0.0;
прощать;0.444444444444;0.0;0.118736642128;
прялка;0.0;0.377073906486;0.0;
прятать;0.0;0.377073906486;0.0593683210639;
псиный;0.0;0.377073906486;0.0;
пук;0.0;0.377073906486;0.0;
пульс;0.444444444444;0.0;0.0;
пуля;0.444444444444;0.0;0.296841605319;
пунька;0.0;0.377073906486;0.0;
пустеть;0.0;0.377073906486;0.0;
пустой;0.0;0.754147812971;0.474946568511;
пустынно;0.0;0.377073906486;0.0;
пустынный;0.0;0.377073906486;0.0;
пусть;0.888888888889;0.0;0.0593683210639;
путь;0.0;0.754147812971;0.178104963192;
пушистый;0.0;0.377073906486;0.0593683210639;
пушкин;0.0;0.377073906486;0.0;
пчела;0.0;0.377073906486;1.72168131085;
пылать;0.0;0.377073906486;0.118736642128;
пышно;0.0;0.377073906486;0.0;
пятно;1.33333333333;0.0;0.0;
пять;2.66666666667;0.0;1.24673474234;
работа;0.0;0.754147812971;0.237473284256;
работать;0.444444444444;0.0;0.415578247447;
работник;0.0;0.377073906486;0.296841605319;
равнина;0.0;0.377073906486;0.0;
равный;0.444444444444;0.0;0.237473284256;
ради;0.444444444444;0.0;0.118736642128;
радоваться;0.444444444444;0.0;0.178104963192;
раз;2.22222222222;0.377073906486;1.84041795298;
разбирать;0.0;0.377073906486;0.0593683210639;
разбухать;0.444444444444;0.0;0.0;
разваливаться;0.444444444444;0.0;0.0;
развертывать;0.0;0.377073906486;0.0593683210639;
разглядеть;0.444444444444;0.0;0.0593683210639;
разговор;0.0;0.377073906486;0.712419852767;
раздавливать;0.444444444444;0.0;0.0;
раздваивать;0.444444444444;0.0;0.0;
раздвоение;0.444444444444;0.0;0.0;
раздробленный;0.888888888889;0.0;0.0;
раздумывать;0.444444444444;0.0;0.0593683210639;
разлетаться;0.444444444444;0.0;0.0593683210639;
разметать;0.0;0.377073906486;0.0;
разный;0.444444444444;0.0;0.296841605319;
разрушаться;0.0;0.377073906486;0.0;
разрывать;0.444444444444;0.0;0.0593683210639;
разрываться;0.444444444444;0.0;0.0;
разряжать;0.444444444444;0.0;0.0;
разум;0.0;1.13122171946;0.0;
рак;0.444444444444;0.0;0.949893137022;
рама;0.0;0.754147812971;0.0;
рана;0.444444444444;0.0;0.178104963192;
ранний;0.0;0.754147812971;0.178104963192;
рано;0.0;0.377073906486;0.118736642128;
раскидываться;0.0;0.377073906486;0.0;
раскраснеться;0.0;0.377073906486;0.0593683210639;
распогодиться;0.0;0.377073906486;0.0;
распоясывать;0.0;0.377073906486;0.0;
рассказ;0.0;0.377073906486;0.356209926383;
рассказывать;1.77777777778;0.0;0.237473284256;
расстегнуть;0.0;0.377073906486;0.0593683210639;
расстилаться;0.0;0.377073906486;0.0;
расстраивать;0.444444444444;0.0;0.0593683210639;
рассуждать;0.0;0.377073906486;0.118736642128;
рассыпаться;0.444444444444;0.0;0.0593683210639;
растапливать;0.0;0.377073906486;0.0;
раствор;0.444444444444;0.0;0.0;
растрепанный;0.0;0.377073906486;0.0593683210639;
растягиваться;0.0;0.377073906486;0.0;
рвань;0.444444444444;0.0;0.0;
рвать;0.0;0.754147812971;0.0593683210639;
редкий;0.888888888889;0.0;0.0593683210639;
редкость;0.0;0.754147812971;0.0593683210639;
резвость;0.0;0.377073906486;0.0;
резко;0.0;0.377073906486;0.118736642128;
резкость;0.444444444444;0.0;0.0;
рельс;0.0;0.377073906486;0.0;
ресница;0.0;0.377073906486;0.0;
рига;0.0;1.50829562594;0.0;
ровный;0.0;0.377073906486;0.0;
рогожа;0.0;0.377073906486;0.0;
роза;0.0;0.377073906486;0.0;
розовый;0.0;0.377073906486;0.0593683210639;
роман;0.0;0.377073906486;0.118736642128;
романтический;0.0;0.377073906486;0.0;
ропот;0.444444444444;0.0;0.0;
росинка;0.444444444444;0.0;0.0;
росистый;0.0;0.377073906486;0.0593683210639;
рост;0.0;0.377073906486;0.0593683210639;
росчерк;0.0;0.377073906486;0.0;
рот;1.77777777778;0.0;0.415578247447;
ротонда;0.444444444444;0.0;0.0;
рубаха;0.0;1.50829562594;0.0593683210639;
рубашка;0.0;0.377073906486;0.0;
рубить;0.0;0.377073906486;0.0;
рубище;0.444444444444;0.0;0.0;
ружье;0.0;1.13122171946;0.0593683210639;
рука;7.11111111111;1.13122171946;3.26525765851;
рукав;0.0;0.377073906486;0.0593683210639;
рыжеватый;0.444444444444;0.0;0.0593683210639;
рыжий;0.0;0.377073906486;0.0;
рябина;0.0;0.377073906486;0.0;
савелий;0.0;0.377073906486;0.0;
сад;0.0;6.41025641026;0.593683210639;
садовник;0.0;0.377073906486;0.0593683210639;
сало;0.0;0.377073906486;0.0;
сальный;0.0;0.377073906486;0.0;
сам;2.22222222222;0.377073906486;1.78104963192;
самовар;0.0;1.13122171946;0.118736642128;
самостоятельность;0.444444444444;0.0;0.0;
самостоятельный;0.444444444444;0.0;0.0;
санки;0.0;0.377073906486;0.0;
сантиментально;0.0;0.377073906486;0.0;
сапог;0.0;1.88536953243;0.237473284256;
сарай;0.0;0.754147812971;0.0593683210639;
сарафан;0.0;0.377073906486;0.0;
сатирический;0.0;0.377073906486;0.0;
сафьянный;0.0;0.377073906486;0.118736642128;
сбиваться;0.444444444444;0.0;0.0;
сбоку;0.0;0.377073906486;0.0593683210639;
сбросить;0.444444444444;0.0;0.0;
сбруя;0.0;0.377073906486;0.0;
свежепахнущий;0.444444444444;0.0;0.0;
свежесть;0.0;0.377073906486;0.0593683210639;
свежий;0.0;0.377073906486;0.237473284256;
сверкать;0.0;0.754147812971;0.118736642128;
свернуться;0.0;0.377073906486;0.0;
свертывать;0.444444444444;0.0;0.0;
свет;0.444444444444;1.88536953243;0.474946568511;
светиться;0.0;0.377073906486;0.0;
светлеть;0.444444444444;0.0;0.0;
свешиваться;0.444444444444;0.0;0.0;
свинцовый;0.0;0.377073906486;0.0;
свист;0.0;0.377073906486;0.474946568511;
свора;0.0;0.377073906486;0.0;
связь;0.0;0.377073906486;0.237473284256;
священный;0.0;0.377073906486;0.0;
сдавливать;0.888888888889;0.0;0.0;
сдерживать;0.444444444444;0.0;0.178104963192;
сдыхать;0.444444444444;0.0;0.0;
себе;0.444444444444;0.0;0.118736642128;
север;0.0;0.377073906486;0.0;
седлать;0.0;0.377073906486;0.0;
седло;0.0;0.377073906486;0.0593683210639;
седой;0.0;0.377073906486;0.0;
сейчас;2.22222222222;0.377073906486;0.593683210639;
секретарь;0.888888888889;0.0;0.415578247447;
секунда;1.33333333333;0.0;0.178104963192;
селение;0.0;0.377073906486;0.0;
село;0.0;0.377073906486;0.118736642128;
сельский;0.0;0.377073906486;0.0;
семеныч;0.0;0.754147812971;0.296841605319;
семья;0.0;0.377073906486;0.0593683210639;
сени;0.0;0.377073906486;0.0;
сентябрь;0.0;0.377073906486;0.178104963192;
сердечный;0.0;0.377073906486;0.0;
сердце;0.0;0.377073906486;0.118736642128;
серебряный;0.0;0.377073906486;0.118736642128;
сержант;0.888888888889;0.0;0.0593683210639;
сетка;0.0;0.377073906486;0.0;
сечка;0.0;0.377073906486;0.0;
сеять;0.0;0.377073906486;0.178104963192;
сивый;0.0;0.377073906486;0.0;
сила;1.33333333333;0.0;0.296841605319;
сильвио;1.77777777778;0.0;2.07789123724;
сильно;0.0;1.13122171946;0.474946568511;
синеватый;0.0;0.377073906486;0.0593683210639;
ситник;0.0;0.377073906486;0.0;
ситцевый;0.444444444444;0.0;0.0;
сиятельство;3.11111111111;0.0;0.237473284256;
сиять;0.0;0.377073906486;0.118736642128;
сказать;8.88888888889;0.754147812971;3.85894086915;
сказывать;0.888888888889;0.0;0.0;
скала;0.0;0.377073906486;0.0;
скамеечка;0.0;0.377073906486;0.0593683210639;
скачка;0.0;0.377073906486;0.0;
сквозь;0.888888888889;0.0;0.534314889575;
скелет;0.888888888889;0.0;0.0593683210639;
скитаться;0.0;0.377073906486;0.0;
склон;0.0;0.377073906486;0.0;
сковывать;0.444444444444;0.0;0.0;
скользить;0.0;0.377073906486;0.0;
скучно;0.0;0.377073906486;0.0;
славиться;0.0;0.377073906486;0.0593683210639;
славно;0.0;0.377073906486;0.0593683210639;
славный;0.0;0.377073906486;0.178104963192;
сладкий;0.0;1.50829562594;0.0593683210639;
след;0.444444444444;0.0;0.118736642128;
слеза;0.444444444444;0.0;0.0593683210639;
слепой;0.0;0.377073906486;0.0593683210639;
сливать;0.0;0.377073906486;0.0593683210639;
словно;0.888888888889;0.0;0.178104963192;
слово;1.77777777778;0.377073906486;1.66231298979;
слог;0.0;0.377073906486;0.0;
сломать;0.444444444444;0.0;0.0;
служащий;0.888888888889;0.0;0.356209926383;
случай;0.444444444444;0.0;1.00926145809;
случайно;0.0;0.377073906486;0.0;
случаться;0.0;0.754147812971;0.77178817383;
слышно;0.0;0.377073906486;0.118736642128;
сматываться;0.444444444444;0.0;0.0;
сменить;0.444444444444;0.0;0.0;
смерть;0.444444444444;0.0;0.534314889575;
смех;0.0;0.377073906486;0.237473284256;
смеяться;0.444444444444;0.0;0.118736642128;
сминать;0.444444444444;0.0;0.0593683210639;
смиренно;0.444444444444;0.0;0.0;
смочь;0.444444444444;0.0;0.0;
смысл;0.888888888889;0.0;0.178104963192;
снег;0.0;0.754147812971;0.0593683210639;
снеговой;0.0;0.377073906486;0.0;
снежный;0.0;0.377073906486;0.0;
снисходительный;0.0;0.377073906486;0.0593683210639;
собака;0.0;3.39366515837;0.77178817383;
собирать;0.0;0.377073906486;0.178104963192;
собираться;1.33333333333;0.0;0.356209926383;
собственно;0.444444444444;0.0;0.118736642128;
собственный;0.888888888889;0.0;0.0593683210639;
совершать;0.444444444444;0.0;0.0593683210639;
совершенно;0.444444444444;0.0;0.415578247447;
совеститься;0.444444444444;0.0;0.0;
совет;0.444444444444;0.0;0.0;
совсем;0.444444444444;1.88536953243;0.593683210639;
соглашаться;0.444444444444;0.0;0.118736642128;
созвездие;0.0;0.754147812971;0.118736642128;
сознание;0.444444444444;0.0;0.0;
соленый;0.444444444444;0.0;0.0;
солнечный;0.0;1.13122171946;0.0593683210639;
солнце;0.0;1.88536953243;0.415578247447;
соловей;0.0;0.377073906486;0.0;
солома;0.0;1.13122171946;0.0593683210639;
соломенный;0.0;0.754147812971;0.0;
сон;0.0;1.13122171946;0.0593683210639;
сонный;0.0;0.377073906486;0.0;
соображать;1.33333333333;0.0;0.0593683210639;
сосед;0.0;0.754147812971;0.534314889575;
сословие;0.0;0.377073906486;0.0593683210639;
сосновый;0.444444444444;0.0;0.0;
составлять;0.444444444444;0.0;0.178104963192;
сосуд;1.33333333333;0.0;0.0;
сотовый;0.0;0.377073906486;0.0;
сохраняться;0.0;0.377073906486;0.0593683210639;
сочинение;0.0;0.377073906486;0.0;
сочинять;0.0;0.754147812971;0.0;
сочувствие;0.444444444444;0.0;0.0;
спазм;0.444444444444;0.0;0.0;
сперва;0.0;0.754147812971;0.0;
спешивать;0.444444444444;0.0;0.0;
спешить;0.0;0.754147812971;0.0;
спина;0.444444444444;0.0;0.178104963192;
сплевывать;0.444444444444;0.0;0.0;
спорить;0.444444444444;0.0;0.178104963192;
способность;0.0;0.377073906486;0.237473284256;
спрашивать;1.33333333333;0.0;1.00926145809;
среди;0.0;0.754147812971;0.237473284256;
средний;0.0;0.377073906486;0.0593683210639;
срезать;0.444444444444;0.0;0.0;
срываться;0.0;0.377073906486;0.0593683210639;
ссыпать;0.0;0.377073906486;0.0;
стаж;0.444444444444;0.0;0.0593683210639;
становиться;4.88888888889;1.13122171946;2.90904773213;
старание;0.444444444444;0.0;0.0593683210639;
стараться;1.33333333333;0.0;0.296841605319;
старик;0.444444444444;1.88536953243;0.118736642128;
старина;0.0;0.754147812971;0.0593683210639;
старинный;0.0;1.88536953243;0.118736642128;
старновка;0.0;0.377073906486;0.0;
старосветский;0.0;0.377073906486;0.0;
старостиха;0.0;0.377073906486;0.0;
старый;0.444444444444;1.88536953243;0.474946568511;
стать;0.0;0.377073906486;0.0;
стая;0.0;0.754147812971;0.0;
ствол;0.444444444444;0.0;0.0;
стекло;0.0;0.754147812971;0.118736642128;
стеклянный;0.444444444444;0.0;0.178104963192;
степенный;0.0;0.377073906486;0.0;
стискивать;0.444444444444;0.0;0.0;
стих;0.0;0.377073906486;0.0593683210639;
сто;0.0;0.377073906486;0.296841605319;
стожар;0.0;0.377073906486;0.0;
сток;0.444444444444;0.0;0.0;
столб;0.0;0.377073906486;0.0593683210639;
столетие;0.0;0.754147812971;0.118736642128;
столетний;0.0;0.377073906486;0.0;
столик;0.444444444444;0.0;0.237473284256;
стон;0.0;0.377073906486;0.118736642128;
сторона;2.66666666667;0.377073906486;0.890524815958;
страдание;0.0;0.377073906486;0.0;
странно;0.444444444444;0.0;0.118736642128;
страх;0.444444444444;0.0;0.296841605319;
страшно;0.444444444444;0.0;0.0;
строго;0.0;0.377073906486;0.0;
строевой;0.0;0.377073906486;0.0;
строить;0.0;0.377073906486;0.237473284256;
стройный;0.0;0.377073906486;0.0;
струна;0.0;0.377073906486;0.0;
струя;0.0;0.377073906486;0.0593683210639;
стрясать;0.0;0.377073906486;0.0;
стук;0.0;0.754147812971;0.0;
ступа;0.444444444444;0.0;0.0;
ступать;0.444444444444;0.0;0.0;
ступня;0.444444444444;0.0;0.0;
стыдиться;0.444444444444;0.0;0.0593683210639;
судьба;0.444444444444;0.0;0.237473284256;
суеверный;0.444444444444;0.0;0.0;
суетиться;0.0;0.377073906486;0.0;
сука;0.0;0.377073906486;0.0;
сукно;0.444444444444;0.0;0.0593683210639;
сумерки;0.0;1.13122171946;0.0593683210639;
сумерничать;0.0;0.377073906486;0.0;
сумрачно;0.0;0.377073906486;0.0;
сумрачный;0.0;0.377073906486;0.0;
сурово;0.444444444444;0.0;0.0593683210639;
сухой;0.0;0.754147812971;0.0593683210639;
сушеный;0.0;0.377073906486;0.0;
схватывать;0.888888888889;0.0;0.178104963192;
счастие;0.444444444444;0.0;0.237473284256;
счастливый;0.444444444444;0.0;0.118736642128;
считать;0.444444444444;0.0;0.118736642128;
съезжаться;0.0;0.377073906486;0.0;
сызнова;0.444444444444;0.0;0.0;
сырость;0.0;1.13122171946;0.0;
сытый;0.0;0.754147812971;0.0;
сюртук;0.0;0.377073906486;0.0;
табак;0.0;0.377073906486;0.0;
тайна;0.0;0.377073906486;0.0;
таков;0.0;0.377073906486;0.0593683210639;
тампон;0.444444444444;0.0;0.0;
тарелка;0.0;0.377073906486;0.178104963192;
татарский;0.0;0.377073906486;0.0;
твердить;0.444444444444;0.0;0.0;
твой;0.444444444444;0.0;0.593683210639;
театр;0.444444444444;0.0;0.356209926383;
телеграфный;0.0;0.377073906486;0.0;
тележка;0.0;0.377073906486;0.0593683210639;
теленок;0.0;0.377073906486;0.0;
тело;1.77777777778;0.377073906486;0.0593683210639;
темнеть;0.0;0.754147812971;0.0593683210639;
темно;0.0;0.377073906486;0.178104963192;
темный;0.0;0.377073906486;0.356209926383;
терять;0.0;0.377073906486;0.0;
теряться;0.444444444444;0.0;0.0;
тесть;0.0;0.377073906486;0.0;
тетка;0.0;1.88536953243;0.0593683210639;
типография;0.0;0.377073906486;0.0;
тиски;0.444444444444;0.0;0.0;
тихо;0.0;0.377073906486;0.474946568511;
тишина;0.0;2.26244343891;0.0;
товарищ;0.888888888889;0.0;0.415578247447;
ток;0.0;0.377073906486;0.118736642128;
токмо;0.0;0.377073906486;0.0;
толпа;1.33333333333;0.0;0.0593683210639;
толпиться;0.0;0.754147812971;0.0;
толстая;0.0;0.377073906486;0.0;
томный;0.0;0.377073906486;0.0;
топить;0.0;0.377073906486;0.0;
топот;0.0;0.377073906486;0.0;
топтать;0.444444444444;0.0;0.0593683210639;
торговать;0.0;0.377073906486;0.0593683210639;
торговля;0.0;0.377073906486;0.0;
торзионный;1.77777777778;0.0;0.0;
торопливо;0.0;0.377073906486;0.0593683210639;
торчать;0.888888888889;0.0;0.0593683210639;
тоска;0.0;0.377073906486;0.415578247447;
тоскливо;0.0;0.377073906486;0.178104963192;
тот;3.11111111111;0.754147812971;2.61220612681;
точка;0.0;0.377073906486;0.0593683210639;
трава;0.444444444444;0.0;0.890524815958;
требник;0.0;0.377073906486;0.0;
тревожный;0.0;0.377073906486;0.0;
трепать;0.0;0.377073906486;0.0;
трепетать;0.0;0.377073906486;0.0;
трепещущий;0.0;0.377073906486;0.0;
треснуть;0.444444444444;0.0;0.0;
третий;0.444444444444;0.0;0.534314889575;
треть;0.888888888889;0.0;0.0;
треугольный;0.444444444444;0.0;0.0;
трещать;0.0;0.377073906486;0.0;
три;0.0;0.377073906486;1.4842080266;
тридцатилетний;0.444444444444;0.0;0.0593683210639;
трогать;0.444444444444;0.0;0.0593683210639;
трогаться;0.0;0.377073906486;0.0593683210639;
трое;0.0;0.377073906486;0.0;
тройка;0.0;0.377073906486;0.0;
тронуть;0.0;0.377073906486;0.0;
труба;0.0;0.377073906486;0.0593683210639;
трубочка;0.444444444444;0.0;0.0593683210639;
трудно;0.0;0.377073906486;0.237473284256;
труп;0.444444444444;0.0;0.0;
туловище;0.444444444444;0.0;0.0593683210639;
тульский;0.0;0.377073906486;0.0;
тупо;0.0;0.377073906486;0.118736642128;
тускло;0.0;0.377073906486;0.0;
тут;3.11111111111;0.754147812971;1.78104963192;
туча;0.0;1.13122171946;0.0593683210639;
тучный;0.0;0.377073906486;0.0;
тысяча;0.0;0.377073906486;0.237473284256;
тяжело;0.444444444444;0.0;0.0593683210639;
убегать;0.0;0.377073906486;0.0;
убийство;0.444444444444;0.0;0.118736642128;
убитый;0.0;0.377073906486;0.0593683210639;
убор;0.0;0.754147812971;0.0;
увезти;0.0;0.377073906486;0.0;
уверенность;0.444444444444;0.0;0.0593683210639;
увидать;0.444444444444;0.0;0.0;
увидеть;3.55555555556;0.377073906486;1.00926145809;
увлекаться;0.0;0.377073906486;0.0;
угадывать;0.444444444444;0.0;0.178104963192;
угловой;0.0;0.377073906486;0.0;
угол;0.888888888889;0.0;0.593683210639;
уголок;0.0;0.377073906486;0.118736642128;
угощение;0.0;0.377073906486;0.0;
угроза;0.444444444444;0.0;0.0;
удерживаться;0.444444444444;0.0;0.178104963192;
удивительно;0.888888888889;0.0;0.0593683210639;
удивительный;0.0;0.377073906486;0.0593683210639;
удивленный;0.444444444444;0.0;0.0;
уезжать;0.0;0.754147812971;0.356209926383;
уж;1.77777777778;0.0;0.712419852767;
ужас;1.33333333333;0.0;0.415578247447;
ужасный;0.888888888889;0.0;0.237473284256;
узенький;0.0;0.377073906486;0.0;
узнавать;2.66666666667;0.0;0.356209926383;
указывать;0.888888888889;0.0;0.0;
укатывать;0.0;0.377073906486;0.0;
укорачивать;0.444444444444;0.0;0.0;
укус;0.444444444444;0.0;0.0593683210639;
укусить;0.444444444444;0.0;0.415578247447;
умертвлять;0.444444444444;0.0;0.0;
уметь;0.444444444444;0.0;0.178104963192;
умирать;5.33333333333;1.13122171946;0.831156494894;
умолять;0.444444444444;0.0;0.0593683210639;
умываться;0.0;0.377073906486;0.178104963192;
университет;0.444444444444;0.0;0.178104963192;
унижение;0.444444444444;0.0;0.0;
униматься;0.0;0.377073906486;0.0;
упасть;0.888888888889;0.0;0.296841605319;
упиваться;0.0;0.377073906486;0.0;
упираться;0.0;0.377073906486;0.0;
урожайный;0.0;0.377073906486;0.0593683210639;
урождаться;0.0;0.754147812971;0.0;
ус;0.444444444444;0.0;0.178104963192;
усадьба;0.0;5.65610859729;0.0593683210639;
усилие;0.444444444444;0.0;0.0;
услуга;0.444444444444;0.0;0.0593683210639;
услышать;0.0;0.377073906486;0.178104963192;
усмешка;0.444444444444;0.0;0.0;
успевать;1.33333333333;0.0;0.534314889575;
уста;0.444444444444;0.0;0.0593683210639;
усталость;0.0;0.377073906486;0.0593683210639;
устанавливать;0.444444444444;0.0;0.0;
усыпать;0.0;0.377073906486;0.0;
утерпеть;0.444444444444;0.0;0.0593683210639;
утренний;0.0;0.377073906486;0.0593683210639;
утро;0.0;1.88536953243;0.653051531703;
ух;0.0;0.377073906486;0.0;
уходить;0.444444444444;0.0;0.296841605319;
учебник;0.444444444444;0.0;0.0593683210639;
учреждение;0.444444444444;0.0;0.237473284256;
ущемлять;0.444444444444;0.0;0.178104963192;
уютно;0.0;0.377073906486;0.0;
фаршированный;0.0;0.377073906486;0.0;
фасад;0.0;0.377073906486;0.0;
фельдшер;2.22222222222;0.0;0.356209926383;
фигура;0.0;0.377073906486;0.118736642128;
физиологический;0.444444444444;0.0;0.0;
философ;0.0;1.13122171946;0.0;
философский;0.0;0.377073906486;0.0;
флигель;0.0;0.754147812971;0.0;
фонарь;0.0;0.377073906486;0.0;
форейтор;0.0;0.377073906486;0.0;
фронтон;0.0;0.377073906486;0.0;
фуражка;0.444444444444;0.0;0.356209926383;
хвост;0.0;0.377073906486;0.356209926383;
хлеб;0.0;0.377073906486;0.0593683210639;
хлестать;0.0;0.377073906486;0.0;
хлоп;0.444444444444;0.0;0.0;
хмурый;0.0;0.377073906486;0.0593683210639;
хоботье;0.0;0.377073906486;0.0;
ход;0.0;0.377073906486;0.237473284256;
хозяин;0.888888888889;0.0;0.593683210639;
хозяйственный;0.0;0.377073906486;0.0;
хозяйство;0.0;0.377073906486;0.118736642128;
холмогорский;0.0;0.377073906486;0.0;
холод;0.0;0.377073906486;0.118736642128;
холоднеть;0.0;0.377073906486;0.0;
холодно;0.0;0.754147812971;0.118736642128;
холостяк;0.0;0.377073906486;0.0;
холст;0.0;0.377073906486;0.0;
холстина;0.444444444444;0.0;0.0;
холщовый;0.0;0.377073906486;0.0;
хороший;0.0;1.88536953243;0.534314889575;
хорошо;0.0;1.13122171946;0.653051531703;
хотеть;1.33333333333;0.0;1.54357634766;
хотя;0.0;0.377073906486;0.653051531703;
храниться;0.0;0.377073906486;0.0;
храп;0.444444444444;0.0;0.0;
хребет;0.0;0.377073906486;0.0;
хрипеть;0.0;0.377073906486;0.0;
худощавый;0.0;0.377073906486;0.0;
хутор;0.0;0.377073906486;0.0;
царапина;0.444444444444;0.0;0.0;
царство;0.0;0.377073906486;0.0;
цветной;0.0;0.377073906486;0.0593683210639;
целить;0.444444444444;0.0;0.0;
целый;0.0;3.01659125189;0.534314889575;
церемониться;0.888888888889;0.0;0.0;
церковный;0.0;0.377073906486;0.0;
цыган;0.0;0.377073906486;0.237473284256;
час;0.444444444444;0.0;0.77178817383;
часто;0.0;0.754147812971;0.237473284256;
часы;0.0;0.377073906486;0.118736642128;
чахоточный;0.0;0.377073906486;0.0;
чаща;0.0;0.377073906486;0.0;
чей;0.888888888889;0.0;0.0593683210639;
человек;3.11111111111;0.377073906486;3.08715269532;
человеческий;0.444444444444;0.0;0.474946568511;
чем;0.888888888889;0.0;0.831156494894;
чепец;0.444444444444;0.0;0.0;
череп;0.444444444444;0.0;0.0;
черешневый;0.444444444444;0.0;0.0;
черно;0.0;0.377073906486;0.0;
черновик;0.444444444444;0.0;0.0593683210639;
чернотроп;0.0;0.377073906486;0.0;
черт;0.444444444444;0.0;0.653051531703;
черта;0.444444444444;0.0;0.296841605319;
чертить;0.0;0.377073906486;0.0;
чертог;0.0;0.377073906486;0.0;
честный;0.444444444444;0.0;0.118736642128;
честь;0.444444444444;0.0;0.118736642128;
четверть;0.444444444444;0.0;0.0;
четко;0.0;0.377073906486;0.0593683210639;
чиновный;0.444444444444;0.0;0.0;
чистота;0.0;0.377073906486;0.0;
чистый;0.0;0.754147812971;0.178104963192;
читать;0.0;0.377073906486;0.415578247447;
чрезвычайно;0.444444444444;0.0;0.118736642128;
чтение;0.0;0.377073906486;0.0593683210639;
чтоб;0.444444444444;0.0;0.890524815958;
чтобы;2.22222222222;0.0;1.66231298979;
чужой;0.888888888889;0.0;0.118736642128;
чуть;1.77777777778;0.377073906486;0.593683210639;
шалаш;0.0;2.6395173454;0.118736642128;
шалун;0.0;0.377073906486;0.0;
шаль;0.0;0.377073906486;0.0;
шанс;0.444444444444;0.0;0.0;
шапка;0.0;0.754147812971;0.118736642128;
шар;0.444444444444;0.0;0.0;
шарахнуться;0.444444444444;0.0;0.0;
шаровары;0.0;0.754147812971;0.0;
шелкий;0.444444444444;0.0;0.0;
шелковый;0.0;0.377073906486;0.0;
шепнуть;0.444444444444;0.0;0.118736642128;
шерсть;0.0;0.377073906486;0.0;
шершавый;0.0;0.377073906486;0.0;
шест;0.444444444444;0.0;0.0;
шестой;0.0;0.377073906486;0.0;
шесть;0.444444444444;0.0;0.474946568511;
широкий;0.0;1.88536953243;0.356209926383;
широко;0.0;0.377073906486;0.0593683210639;
широкоплечий;0.0;0.377073906486;0.0;
шкурка;0.0;0.377073906486;0.0;
шляпа;0.444444444444;0.0;0.415578247447;
шов;0.888888888889;0.0;0.0;
шприц;0.444444444444;0.0;0.0;
штука;0.888888888889;0.0;0.178104963192;
шум;0.0;1.13122171946;0.237473284256;
шумно;0.0;0.377073906486;0.178104963192;
шурин;0.0;0.377073906486;0.0;
шуршать;0.0;1.13122171946;0.0593683210639;
шустрый;0.0;0.377073906486;0.0;
шутливо;0.0;0.377073906486;0.0;
шуточка;0.0;0.377073906486;0.0;
энтиха;0.444444444444;0.0;0.0;
эразм;0.0;0.377073906486;0.0;
эх;0.0;0.377073906486;0.118736642128;
эхо;0.444444444444;0.0;0.0593683210639;
юбка;0.888888888889;0.0;0.0593683210639;
юридический;0.444444444444;0.0;0.0;
юрка;0.444444444444;0.0;0.178104963192;
юркнуть;0.444444444444;0.0;0.0;
юрко;0.444444444444;0.0;0.237473284256;
яблоко;0.0;2.6395173454;0.178104963192;
яблоня;0.0;0.377073906486;0.118736642128;
являться;0.444444444444;0.0;0.296841605319;
яд;0.444444444444;0.0;0.118736642128;
ядреный;0.0;0.377073906486;0.0593683210639;
язык;0.888888888889;0.0;0.593683210639;
яйцо;0.0;0.377073906486;0.0;
ярко;0.0;0.377073906486;0.118736642128;
ярмарка;0.0;0.377073906486;0.0;
ясный;0.0;1.13122171946;0.178104963192;
ястребок;0.0;0.377073906486;0.0;
ящик;0.0;0.377073906486;0.178104963192;
